"pitch_type","game_date","release_speed","release_pos_x","release_pos_z","player_name","batter","pitcher","events","description","spin_dir","spin_rate_deprecated","break_angle_deprecated","break_length_deprecated","zone","des","game_type","stand","p_throws","home_team","away_team","type","hit_location","bb_type","balls","strikes","game_year","pfx_x","pfx_z","plate_x","plate_z","on_3b","on_2b","on_1b","outs_when_up","inning","inning_topbot","hc_x","hc_y","tfs_deprecated","tfs_zulu_deprecated","fielder_2","umpire","sv_id","vx0","vy0","vz0","ax","ay","az","sz_top","sz_bot","hit_distance_sc","launch_speed","launch_angle","effective_speed","release_spin_rate","release_extension","game_pk","pitcher_1","fielder_2_1","fielder_3","fielder_4","fielder_5","fielder_6","fielder_7","fielder_8","fielder_9","release_pos_y","estimated_ba_using_speedangle","estimated_woba_using_speedangle","woba_value","woba_denom","babip_value","iso_value","launch_speed_angle","at_bat_number","pitch_number","pitch_name","home_score","away_score","bat_score","fld_score","post_away_score","post_home_score","post_bat_score","post_fld_score","if_fielding_alignment","of_fielding_alignment","spin_axis","delta_home_win_exp","delta_run_exp","bat_speed","swing_length","home_team_parent_org","away_team_parent_org"
"CH",2024-03-31,85,-1.49,5.58,"Daniel, Davis",666165,669721,"strikeout","called_strike",NA,NA,NA,NA,9,"Blake Sabol called out on strikes.","R","L","R","SAC","SL","S",2,"",0,2,2024,-1.27,0.4,0.52,1.65,NA,665998,682617,2,6,"Bot",NA,NA,NA,NA,595453,NA,NA,7.28658279463383,-123.489219558732,-3.64542125478538,-14.4562610645399,25.6120075893884,-27.5721861329963,3.39,1.71,NA,NA,NA,85.2,1758,6.6,751669,669721,595453,800685,670869,641779,605346,641531,669326,677941,53.89,NA,0,0,1,0,0,NA,44,3,"Changeup",0,0,0,0,0,0,0,0,"Standard","Standard",233,-0.089,-0.254,NA,NA,"San Francisco Giants","Los Angeles Angels"
"FF",2024-03-31,92,-1.21,5.68,"Daniel, Davis",666165,669721,"","called_strike",NA,NA,NA,NA,6,"Blake Sabol called out on strikes.","R","L","R","SAC","SL","S",NA,"",0,1,2024,-0.78,1.27,0.78,2.58,NA,665998,682617,2,6,"Bot",NA,NA,NA,NA,595453,NA,NA,6.76032257904757,-133.80782629614,-4.80604436422601,-10.8711216031755,29.4027899388863,-16.01739312387,3.39,1.71,NA,NA,NA,92.3,2219,6.6,751669,669721,595453,800685,670869,641779,605346,641531,669326,677941,53.95,NA,NA,NA,NA,NA,NA,NA,44,2,"4-Seam Fastball",0,0,0,0,0,0,0,0,"Standard","Standard",211,0,-0.12,NA,NA,"San Francisco Giants","Los Angeles Angels"
"FF",2024-03-31,91.2,-1.34,5.59,"Daniel, Davis",666165,669721,"","foul",NA,NA,NA,NA,4,"Blake Sabol called out on strikes.","R","L","R","SAC","SL","S",NA,"",0,0,2024,-0.68,1.33,-0.3,2.76,NA,665998,682617,2,6,"Bot",NA,NA,NA,NA,595453,NA,NA,4.11489428413669,-132.85518152519,-4.17234990880118,-8.9008003173387,26.5441383530453,-15.6459715705992,3.39,1.71,219,85.3,57,92.1,2038,6.6,751669,669721,595453,800685,670869,641779,605346,641531,669326,677941,53.87,NA,NA,NA,NA,NA,NA,NA,44,1,"4-Seam Fastball",0,0,0,0,0,0,0,0,"Standard","Standard",202,0,-0.099,NA,NA,"San Francisco Giants","Los Angeles Angels"
"FF",2024-03-31,91.6,-1.14,5.64,"Daniel, Davis",681584,669721,"strikeout","foul_tip",NA,NA,NA,NA,4,"David Villar strikes out on a foul tip.","R","R","R","SAC","SL","S",2,"",1,2,2024,-0.71,1.37,-0.55,2.35,NA,665998,682617,1,6,"Bot",NA,NA,NA,NA,595453,NA,NA,3.05435581285992,-133.34889428579,-5.51194008472326,-9.10194476404131,25.8313097012862,-14.7713696393153,3.25,1.64,NA,NA,NA,92.8,2102,6.7,751669,669721,595453,800685,670869,641779,605346,641531,669326,677941,53.77,NA,0,0,1,0,0,NA,43,4,"4-Seam Fastball",0,0,0,0,0,0,0,0,"Standard","Standard",205,-0.078,-0.347,NA,NA,"San Francisco Giants","Los Angeles Angels"
"FF",2024-03-31,92.8,-1.32,5.6,"Daniel, Davis",681584,669721,"","ball",NA,NA,NA,NA,12,"David Villar strikes out on a foul tip.","R","R","R","SAC","SL","B",NA,"",0,2,2024,-0.47,1.51,1.39,2.65,NA,665998,682617,1,6,"Bot",NA,NA,NA,NA,595453,NA,NA,7.99104381598878,-134.912079348741,-5.10842761876458,-7.42016870652415,27.4954458027118,-12.7991466504636,3.25,1.64,NA,NA,NA,93.5,2154,6.6,751669,669721,595453,800685,670869,641779,605346,641531,669326,677941,53.87,NA,NA,NA,NA,NA,NA,NA,43,3,"4-Seam Fastball",0,0,0,0,0,0,0,0,"Standard","Standard",209,0,0.077,NA,NA,"San Francisco Giants","Los Angeles Angels"
"FF",2024-03-31,90.7,-1.21,5.66,"Daniel, Davis",681584,669721,"","called_strike",NA,NA,NA,NA,6,"David Villar strikes out on a foul tip.","R","R","R","SAC","SL","S",NA,"",0,1,2024,-0.48,1.35,0.56,2.4,NA,665998,682617,1,6,"Bot",NA,NA,NA,NA,595453,NA,NA,5.48919752769907,-132.102024622082,-5.24677571432448,-6.61786710940953,23.4390615370951,-15.430283151809,3.25,1.64,NA,NA,NA,92,2147,6.7,751669,669721,595453,800685,670869,641779,605346,641531,669326,677941,53.84,NA,NA,NA,NA,NA,NA,NA,43,2,"4-Seam Fastball",0,0,0,0,0,0,0,0,"Standard","Standard",204,0,-0.126,NA,NA,"San Francisco Giants","Los Angeles Angels"
"CH",2024-03-31,81.4,1.64,6.17,"Carpenter, Ryan",656541,543001,"single","hit_into_play",NA,NA,NA,NA,5,"Sam Hilliard singles on a ground ball to second baseman Matthew Batten.   Jordan Beck scores.","R","L","L","ABQ","ELP","X",4,"ground_ball",2,1,2024,0.57,0.45,-0.2,2.36,687597,NA,NA,2,5,"Bot",134.26,156.27,NA,NA,608700,NA,NA,-5.25426795471419,-118.726552754752,-3.01579146014725,6.26413772633882,16.83321802369,-27.5421615776053,3.43,1.73,7,69.4,-20,82.7,1527,6.5,752117,543001,608700,664954,676946,687867,669200,672359,641796,668751,54.02,0.06,0.068,0.9,1,1,0,2,45,4,"Changeup",3,3,3,3,3,4,4,3,"Standard","Standard",131,0.136,0.823,NA,NA,"Colorado Rockies","San Diego Padres"
"SI",2024-03-31,89.3,-0.76,6.46,"Elder, Bryce",667472,693821,"field_out","hit_into_play",NA,NA,NA,NA,4,"Dane Myers flies out to center fielder J.  P. Martínez.","R","R","R","JAX","GWN","X",8,"fly_ball",3,1,2024,-1.04,0.85,-0.35,2.31,NA,NA,687859,0,7,"Bot",110.26,43.7,NA,NA,592205,NA,NA,3.18189969427786,-129.914462557519,-5.94632673241373,-12.4863219638248,27.5383982314318,-21.5476977375143,3.21,1.62,385,99.5,27,88.8,NA,6,753091,693821,592205,595943,664058,664670,623205,544725,679881,621450,54.48,0.474,0.849,0,1,0,0,6,59,5,"Sinker",0,10,0,10,10,0,0,10,"Standard","Standard",NA,-0.001,-0.706,NA,NA,"Miami Marlins","Atlanta Braves"
"SI",2024-03-31,89.3,-0.83,6.43,"Elder, Bryce",667472,693821,"","ball",NA,NA,NA,NA,14,"Dane Myers flies out to center fielder J.  P. Martínez.","R","R","R","JAX","GWN","B",NA,"",2,1,2024,-1.35,0.79,1.35,0.91,NA,NA,687859,0,7,"Bot",NA,NA,NA,NA,592205,NA,NA,8.16572661444966,-129.54804241496,-9.11792891322801,-16.9648651905927,29.4188481950801,-21.3918816043609,3.21,1.62,NA,NA,NA,88.5,NA,6.2,753091,693821,592205,595943,664058,664670,623205,544725,679881,621450,54.33,NA,NA,NA,NA,NA,NA,NA,59,4,"Sinker",0,10,0,10,10,0,0,10,"Standard","Standard",NA,0,0.205,NA,NA,"Miami Marlins","Atlanta Braves"
"SL",2024-03-31,84.4,-2.04,6.34,"Rutledge, Jackson",682668,671131,"strikeout","swinging_strike",NA,NA,NA,NA,14,"Luisangel Acuña strikes out swinging.","R","R","R","SYR","ROC","S",2,"",2,2,2024,0.31,-0.11,0.19,1.25,NA,578428,676625,2,5,"Bot",NA,NA,NA,NA,686251,NA,NA,4.56303570656715,-122.95259226981,-5.38773932523745,2.43331982346043,20.4860712918331,-32.6028881046928,3.02,1.53,NA,NA,NA,85.1,2034,6.3,752338,671131,686251,660766,671117,666906,686639,695578,696285,663905,54.16,NA,0,0,1,0,0,NA,45,5,"Slider",1,5,1,5,5,1,1,5,"Standard","Standard",119,-0.034,-0.392,NA,NA,"New York Mets","Washington Nationals"
"FF",2024-03-31,89.9,-1.14,5.62,"Daniel, Davis",681584,669721,"","called_strike",NA,NA,NA,NA,9,"David Villar strikes out on a foul tip.","R","R","R","SAC","SL","S",NA,"",0,0,2024,-0.64,1.23,0.49,1.8,NA,665998,682617,1,6,"Bot",NA,NA,NA,NA,595453,NA,NA,5.44835478397678,-130.92111485444,-6.26248038442524,-8.43491042298501,22.0586108817951,-16.8556047144927,3.25,1.64,NA,NA,NA,91.4,2084,6.7,751669,669721,595453,800685,670869,641779,605346,641531,669326,677941,53.82,NA,NA,NA,NA,NA,NA,NA,43,1,"4-Seam Fastball",0,0,0,0,0,0,0,0,"Infield shade","Standard",208,0,-0.131,NA,NA,"San Francisco Giants","Los Angeles Angels"
"KC",2024-03-31,80.9,-2.76,5.88,"Abbott, Cory",669899,676265,"field_out","hit_into_play",NA,NA,NA,NA,2,"Ryan Ward grounds out, second baseman Samad Taylor to pitcher Cory Abbott.","R","L","R","TAC","OKC","X",4,"ground_ball",1,2,2024,0.51,-0.98,-0.11,2.85,NA,NA,NA,2,3,"Top",138.99,162.98,NA,NA,657709,NA,NA,4.91375259739046,-117.697661670663,1.72377860094388,3.836662320981,21.361752573168,-41.8643079248368,3.12,1.57,4,76,-35,80.7,2227,6,751440,676265,657709,605119,669392,656308,669208,682729,687799,613564,54.45,0.057,0.054,0,1,0,0,2,20,4,"Knuckle Curve",0,3,3,0,3,0,3,0,"Standard","Standard",31,0.007,-0.069,NA,NA,"Seattle Mariners","Los Angeles Dodgers"
"SL",2024-03-31,78.6,1.76,6.06,"Carpenter, Ryan",656541,543001,"","called_strike",NA,NA,NA,NA,4,"Sam Hilliard singles on a ground ball to second baseman Matthew Batten.   Jordan Beck scores.","R","L","L","ABQ","ELP","S",NA,"",2,0,2024,-0.66,-0.13,-0.71,2.37,687597,NA,NA,2,5,"Bot",NA,NA,NA,NA,608700,NA,NA,-4.13569020576897,-114.52526717231,-1.05845013826726,-5.26144633366023,17.3802313906251,-33.36976921779,3.43,1.73,NA,NA,NA,79.4,2555,6.4,752117,543001,608700,664954,676946,687867,669200,672359,641796,668751,54.09,NA,NA,NA,NA,NA,NA,NA,45,3,"Slider",3,3,3,3,3,3,3,3,"Standard","Standard",295,0,-0.096,NA,NA,"Colorado Rockies","San Diego Padres"
"SL",2024-03-31,81.5,-1.53,5.62,"Daniel, Davis",682617,669721,"single","hit_into_play",NA,NA,NA,NA,5,"Marco Luciano singles on a line drive to left fielder Hunter Dozier.   Ismael Munguia to 2nd.","R","R","R","SAC","SL","X",7,"line_drive",2,2,2024,0.89,0.73,0.21,2.64,NA,NA,665998,1,6,"Bot",91.85,119.94,NA,NA,595453,NA,NA,2.21550613259419,-118.781378285206,-1.57035338265742,8.05825596966022,21.4806876548036,-25.1618329236489,3.25,1.64,208,97.3,13,82.4,2253,6.7,751669,669721,595453,800685,670869,641779,605346,641531,669326,677941,53.84,0.954,0.912,0.9,1,1,0,4,42,6,"Slider",0,0,0,0,0,0,0,0,"Standard","Standard",94,0.061,0.571,NA,NA,"San Francisco Giants","Los Angeles Angels"
"SI",2024-03-31,87.4,-0.98,6.48,"Elder, Bryce",667472,693821,"","ball",NA,NA,NA,NA,12,"Dane Myers flies out to center fielder J.  P. Martínez.","R","R","R","JAX","GWN","B",NA,"",1,1,2024,-1.27,0.67,0.4,3.9,NA,NA,687859,0,7,"Bot",NA,NA,NA,NA,592205,NA,NA,5.91551154882497,-127.081231809317,-1.40528744740968,-15.0059086233858,27.3879191572351,-24.8506037022677,3.21,1.62,NA,NA,NA,86.6,NA,6,753091,693821,592205,595943,664058,664670,623205,544725,679881,621450,54.55,NA,NA,NA,NA,NA,NA,NA,59,3,"Sinker",0,10,0,10,10,0,0,10,"Standard","Standard",NA,0,0.099,NA,NA,"Miami Marlins","Atlanta Braves"
"FF",2024-03-31,94.5,-1.91,6.46,"Rutledge, Jackson",682668,671131,"","ball",NA,NA,NA,NA,12,"Luisangel Acuña strikes out swinging.","R","R","R","SYR","ROC","B",NA,"",1,2,2024,-0.43,1.27,1.44,4.36,NA,578428,676625,2,5,"Bot",NA,NA,NA,NA,686251,NA,NA,9.64348995948367,-137.422495842217,-2.64646678150577,-7.40708065848137,28.3009139006678,-15.6830507985423,3.02,1.53,NA,NA,NA,94.6,2345,6.2,752338,671131,686251,660766,671117,666906,686639,695578,696285,663905,54.3,NA,NA,NA,NA,NA,NA,NA,45,4,"4-Seam Fastball",1,5,1,5,5,1,1,5,"Standard","Standard",216,0,0.062,NA,NA,"New York Mets","Washington Nationals"
"FF",2024-03-31,91.6,1.38,6.41,"Carpenter, Ryan",656541,543001,"","ball",NA,NA,NA,NA,12,"Sam Hilliard singles on a ground ball to second baseman Matthew Batten.   Jordan Beck scores.","R","L","L","ABQ","ELP","B",NA,"",1,0,2024,0.3,0.98,0.57,3.98,687597,NA,NA,2,5,"Bot",NA,NA,NA,NA,608700,NA,NA,-2.68386884115587,-133.667536629616,-2.53631872631341,4.07102845015157,22.236962961223,-19.9809199612609,3.43,1.73,NA,NA,NA,92.6,2215,6.2,752117,543001,608700,664954,676946,687867,669200,672359,641796,668751,54.29,NA,NA,NA,NA,NA,NA,NA,45,2,"4-Seam Fastball",3,3,3,3,3,3,3,3,"Standard","Standard",148,0,0.068,NA,NA,"Colorado Rockies","San Diego Padres"
"KC",2024-03-31,80.9,-2.9,5.79,"Abbott, Cory",669899,676265,"","foul",NA,NA,NA,NA,8,"Ryan Ward grounds out, second baseman Samad Taylor to pitcher Cory Abbott.","R","L","R","TAC","OKC","S",NA,"",1,1,2024,0.73,-0.77,-0.01,1.64,NA,NA,NA,2,3,"Top",NA,NA,NA,NA,657709,NA,NA,5.04004535927963,-117.760825698067,-1.17909871668868,5.87726126926073,21.0466184880157,-39.3898209191425,3.12,1.57,193,68.9,40,81,2213,6.2,751440,676265,657709,605119,669392,656308,669208,682729,687799,613564,54.31,NA,NA,NA,NA,NA,NA,NA,20,3,"Knuckle Curve",0,3,3,0,3,0,3,0,"Standard","Standard",44,0,-0.027,NA,NA,"Seattle Mariners","Los Angeles Dodgers"
"FF",2024-03-31,95.1,-1.38,6.29,"Suárez, Albert",592348,544150,"strikeout","swinging_strike",NA,NA,NA,NA,5,"Niko Goodrum strikes out swinging.","R","L","R","NOR","DUR","S",2,"",3,2,2024,-0.95,1.38,0.08,2.31,NA,NA,678545,2,7,"Top",NA,NA,NA,NA,668974,NA,NA,5.97410239812944,-138.148133417587,-7.86908184913739,-13.5009970176984,32.398015057203,-12.9475783597969,3.34,1.69,NA,NA,NA,95.4,2347,6.6,752715,544150,668974,695257,660636,691723,702616,681393,669065,677008,53.85,NA,0,0,1,0,0,NA,63,6,"4-Seam Fastball",1,16,16,1,16,1,16,1,"Standard","Standard",223,0,-0.29,NA,NA,"Baltimore Orioles","Tampa Bay Rays"
"FF",2024-03-31,91.6,1.36,6.38,"Carpenter, Ryan",656541,543001,"","ball",NA,NA,NA,NA,12,"Sam Hilliard singles on a ground ball to second baseman Matthew Batten.   Jordan Beck scores.","R","L","L","ABQ","ELP","B",NA,"",0,0,2024,0.15,0.92,0.01,4.12,687597,NA,NA,2,5,"Bot",NA,NA,NA,NA,608700,NA,NA,-3.73979595038067,-133.563489881267,-1.96819703258045,2.45151658635113,22.7264395723249,-20.8774460524592,3.43,1.73,NA,NA,NA,92.7,2267,6.4,752117,543001,608700,664954,676946,687867,669200,672359,641796,668751,54.12,NA,NA,NA,NA,NA,NA,NA,45,1,"4-Seam Fastball",3,3,3,3,3,3,3,3,"Standard","Standard",149,0,0.048,NA,NA,"Colorado Rockies","San Diego Padres"
"FF",2024-03-31,91.4,-1.17,5.59,"Daniel, Davis",682617,669721,"","foul",NA,NA,NA,NA,2,"Marco Luciano singles on a line drive to left fielder Hunter Dozier.   Ismael Munguia to 2nd.","R","R","R","SAC","SL","S",NA,"",2,2,2024,-0.86,1.37,0.1,3.33,NA,NA,665998,1,6,"Bot",NA,NA,NA,NA,595453,NA,NA,5.08662212098242,-133.149160030886,-2.84374648113861,-11.315295656674,26.7651992337574,-15.3969219218545,3.25,1.64,222,74.1,50,92.5,2168,6.7,751669,669721,595453,800685,670869,641779,605346,641531,669326,677941,53.78,NA,NA,NA,NA,NA,NA,NA,42,5,"4-Seam Fastball",0,0,0,0,0,0,0,0,"Standard","Standard",210,0,0,NA,NA,"San Francisco Giants","Los Angeles Angels"
"SL",2024-03-31,81,-0.92,6.48,"Elder, Bryce",667472,693821,"","called_strike",NA,NA,NA,NA,14,"Dane Myers flies out to center fielder J.  P. Martínez.","R","R","R","JAX","GWN","S",NA,"",1,0,2024,-0.02,0.08,0.94,1.77,NA,NA,687859,0,7,"Bot",NA,NA,NA,NA,592205,NA,NA,4.16914855474142,-117.954705687823,-4.04368047237852,-0.932996747237537,21.8041603871034,-30.9011661338624,3.21,1.62,NA,NA,NA,80.6,NA,5.9,753091,693821,592205,595943,664058,664670,623205,544725,679881,621450,54.61,NA,NA,NA,NA,NA,NA,NA,59,2,"Slider",0,10,0,10,10,0,0,10,"Standard","Standard",NA,0,-0.116,NA,NA,"Miami Marlins","Atlanta Braves"
"FF",2024-03-31,94.1,-1.46,6.24,"Suárez, Albert",592348,544150,"","ball",NA,NA,NA,NA,11,"Niko Goodrum strikes out swinging.","R","L","R","NOR","DUR","B",NA,"",2,2,2024,-0.93,1.37,-0.39,3.86,NA,NA,678545,2,7,"Top",NA,NA,NA,NA,668974,NA,NA,4.85539304324868,-136.961216912264,-3.52328615359225,-12.7289768315689,31.1693786928012,-14.3128817716827,3.34,1.69,NA,NA,NA,94.5,2378,6.6,752715,544150,668974,695257,660636,691723,702616,681393,669065,677008,53.93,NA,NA,NA,NA,NA,NA,NA,63,5,"4-Seam Fastball",1,16,16,1,16,1,16,1,"Standard","Standard",224,0,0.087,NA,NA,"Baltimore Orioles","Tampa Bay Rays"
"KC",2024-03-31,80.6,-2.73,5.88,"Abbott, Cory",669899,676265,"","called_strike",NA,NA,NA,NA,11,"Ryan Ward grounds out, second baseman Samad Taylor to pitcher Cory Abbott.","R","L","R","TAC","OKC","S",NA,"",1,0,2024,0.73,-0.87,-0.69,3.26,NA,NA,NA,2,3,"Top",NA,NA,NA,NA,657709,NA,NA,3.14069040446755,-117.362070270182,2.44072046643588,6.16473859604205,21.1558183699886,-40.9090926521304,3.12,1.57,NA,NA,NA,80.5,2253,6.1,751440,676265,657709,605119,669392,656308,669208,682729,687799,613564,54.42,NA,NA,NA,NA,NA,NA,NA,20,2,"Knuckle Curve",0,3,3,0,3,0,3,0,"Standard","Standard",4,0,-0.028,NA,NA,"Seattle Mariners","Los Angeles Dodgers"
"SL",2024-03-31,84.2,-2.04,6.36,"Rutledge, Jackson",682668,671131,"","swinging_strike",NA,NA,NA,NA,14,"Luisangel Acuña strikes out swinging.","R","R","R","SYR","ROC","S",NA,"",1,1,2024,0.18,-0.01,1.61,1.73,NA,578428,676625,2,5,"Bot",NA,NA,NA,NA,686251,NA,NA,8.07423279844093,-122.494466673438,-4.49488732287123,0.663190098988139,18.5626287371141,-31.6807500086069,3.02,1.53,NA,NA,NA,84.7,2031,6.1,752338,671131,686251,660766,671117,666906,686639,695578,696285,663905,54.38,NA,NA,NA,NA,NA,NA,NA,45,3,"Slider",1,5,1,5,5,1,1,5,"Standard","Standard",87,0,-0.116,NA,NA,"New York Mets","Washington Nationals"
"FF",2024-03-31,90.5,-1.2,5.57,"Daniel, Davis",682617,669721,"","called_strike",NA,NA,NA,NA,14,"Marco Luciano singles on a line drive to left fielder Hunter Dozier.   Ismael Munguia to 2nd.","R","R","R","SAC","SL","S",NA,"",2,1,2024,-0.64,1.27,0.92,2.09,NA,NA,665998,1,6,"Bot",NA,NA,NA,NA,595453,NA,NA,6.69349284090936,-131.718706501971,-5.55444191890217,-8.83723317766539,25.4898848528469,-16.3258082261247,3.25,1.64,NA,NA,NA,91.5,2087,6.7,751669,669721,595453,800685,670869,641779,605346,641531,669326,677941,53.79,NA,NA,NA,NA,NA,NA,NA,42,4,"4-Seam Fastball",0,0,0,0,0,0,0,0,"Standard","Standard",205,0,-0.102,NA,NA,"San Francisco Giants","Los Angeles Angels"
"FF",2024-03-31,94.2,-1.98,6.47,"Rutledge, Jackson",682668,671131,"","ball",NA,NA,NA,NA,11,"Luisangel Acuña strikes out swinging.","R","R","R","SYR","ROC","B",NA,"",0,1,2024,-0.7,1.17,-1.25,4.72,NA,578428,676625,2,5,"Bot",NA,NA,NA,NA,686251,NA,NA,3.43333955455716,-137.25608286401,-1.47133952185521,-9.59035345992029,29.6975128831545,-17.2184469939223,3.02,1.53,NA,NA,NA,94,2398,6.1,752338,671131,686251,660766,671117,666906,686639,695578,696285,663905,54.44,NA,NA,NA,NA,NA,NA,NA,45,2,"4-Seam Fastball",1,5,1,5,5,1,1,5,"Standard","Standard",224,0,0.071,NA,NA,"New York Mets","Washington Nationals"
"SL",2024-03-31,78.9,1.78,6.04,"Carpenter, Ryan",687597,543001,"triple","hit_into_play",NA,NA,NA,NA,11,"Jordan Beck triples (1) on a sharp line drive to center fielder Tim Locastro.","R","R","L","ABQ","ELP","X",8,"line_drive",3,2,2024,-0.68,-0.33,-0.06,3.42,NA,NA,NA,2,5,"Bot",108.56,39.82,NA,NA,608700,NA,NA,-2.75538898521284,-115.047699902658,1.56157235918468,-5.70851049298556,17.3910723783511,-35.5679896630728,3.29,1.66,394,104.4,22,79.6,2776,6.3,752117,543001,608700,664954,676946,687867,669200,672359,641796,668751,54.23,0.76,1.143,1.6,1,1,2,6,44,10,"Slider",3,3,3,3,3,3,3,3,"Standard","Standard",293,0.039,0.275,NA,NA,"Colorado Rockies","San Diego Padres"
"FF",2024-03-31,90.8,-2.61,5.85,"Sampson, Adrian",680810,592716,"field_out","hit_into_play",NA,NA,NA,NA,14,"Quincy Hamilton pops out to catcher Sam Huff in foul territory.","R","L","R","RR","SUG","X",2,"popup",0,1,2024,-0.87,1.18,0.94,2.24,NA,NA,694175,2,5,"Top",136.78,220.89,NA,NA,669087,NA,NA,10.7836173878278,-131.610303155364,-5.60069794912957,-12.5667909311258,30.0340139622821,-17.4069324440285,3.12,1.57,47,71.3,84,90.7,2081,6.6,751740,592716,669087,679822,622110,673995,680716,669386,609274,660758,53.9,0.001,0,0,1,0,0,3,43,2,"4-Seam Fastball",8,2,2,8,2,8,2,8,"Infield shade","Standard",229,0.006,-0.19,NA,NA,"Texas Rangers","Houston Astros"
"SI",2024-03-31,90.3,-2.21,6.48,"Buchanan, David",663853,571527,"field_out","hit_into_play",NA,NA,NA,NA,1,"Romy Gonzalez grounds out, second baseman Kody Clemens to first baseman Darick Hall.","R","R","R","LHV","WOR","X",4,"ground_ball",0,0,2024,-1.19,0.98,-0.42,3.2,NA,NA,NA,2,4,"Top",139.71,151.19,NA,NA,605244,NA,NA,6.92314123315242,-131.275843308632,-4.2425067627402,-15.2565572262738,29.3715913780908,-20.1631297344071,3.23,1.63,24,96.1,-6,89.3,2077,5.9,753015,571527,605244,669742,665019,674951,664068,621311,670276,656669,54.62,0.246,0.272,0,1,0,0,2,32,1,"Sinker",2,5,5,2,5,2,5,2,"Standard","Standard",205,0.006,-0.103,NA,NA,"Philadelphia Phillies","Boston Red Sox"
"SI",2024-03-31,87.7,-0.97,6.49,"Elder, Bryce",667472,693821,"","ball",NA,NA,NA,NA,13,"Dane Myers flies out to center fielder J.  P. Martínez.","R","R","R","JAX","GWN","B",NA,"",0,0,2024,-1.33,0.9,-0.99,1.23,NA,NA,687859,0,7,"Bot",NA,NA,NA,NA,592205,NA,NA,2.6838208988812,-127.431993938659,-8.35377016667215,-15.0536147338267,27.1509502718521,-20.8576585446092,3.21,1.62,NA,NA,NA,86.9,NA,6,753091,693821,592205,595943,664058,664670,623205,544725,679881,621450,54.53,NA,NA,NA,NA,NA,NA,NA,59,1,"Sinker",0,10,0,10,10,0,0,10,"Standard","Standard",NA,0,0.084,NA,NA,"Miami Marlins","Atlanta Braves"
"CH",2024-03-31,85.6,-1.66,6.06,"Suárez, Albert",592348,544150,"","foul",NA,NA,NA,NA,7,"Niko Goodrum strikes out swinging.","R","L","R","NOR","DUR","S",NA,"",2,1,2024,-1.53,0.6,-0.64,2.06,NA,NA,678545,2,7,"Top",NA,NA,NA,NA,668974,NA,NA,5.53010449980747,-124.392515359294,-4.33522203277325,-17.001011816113,27.3144956292864,-25.2139452108346,3.34,1.69,197,64.1,32,85.9,1852,6.8,752715,544150,668974,695257,660636,691723,702616,681393,669065,677008,53.74,NA,NA,NA,NA,NA,NA,NA,63,4,"Changeup",1,16,16,1,16,1,16,1,"Standard","Standard",240,0,-0.068,NA,NA,"Baltimore Orioles","Tampa Bay Rays"
"FF",2024-03-31,94,-1.8,5.93,"Estes, Joey",545341,683155,"strikeout","called_strike",NA,NA,NA,NA,3,"Randal Grichuk called out on strikes.","R","R","R","LV","RNO","S",2,"",3,2,2024,-0.7,1.35,0.77,3.3,678489,NA,NA,2,4,"Top",NA,NA,NA,NA,691016,NA,NA,8.15616893107577,-136.713298978529,-4.11288041005815,-10.5113150346834,26.9051672931598,-14.4909276135662,3.3,1.67,NA,NA,NA,93.7,2402,5.9,751961,683155,691016,669722,669137,672478,691777,670860,663662,680474,54.6,NA,0,0,1,0,0,NA,31,6,"4-Seam Fastball",0,5,5,0,5,0,5,0,"Standard","Standard",218,0.01,-0.369,NA,NA,"Oakland Athletics","Arizona Diamondbacks"
"KC",2024-03-31,81.9,-2.72,5.77,"Abbott, Cory",669899,676265,"","ball",NA,NA,NA,NA,14,"Ryan Ward grounds out, second baseman Samad Taylor to pitcher Cory Abbott.","R","L","R","TAC","OKC","B",NA,"",0,0,2024,0.49,-0.66,1.29,-0.22,NA,NA,NA,2,3,"Top",NA,NA,NA,NA,657709,NA,NA,8.0559881095246,-119.091811025654,-5.70966196687737,3.25690150357287,21.4994697867588,-37.6222261949994,3.12,1.57,NA,NA,NA,81.7,2365,6.1,751440,676265,657709,605119,669392,656308,669208,682729,687799,613564,54.43,NA,NA,NA,NA,NA,NA,NA,20,1,"Knuckle Curve",0,3,3,0,3,0,3,0,"Standard","Standard",2,0,0.022,NA,NA,"Seattle Mariners","Los Angeles Dodgers"
"FF",2024-03-31,93.7,3.5,5.75,"Lodolo, Nick",642727,666157,"grounded_into_double_play","hit_into_play",NA,NA,NA,NA,4,"Sergio Alcántara grounds into a double play, shortstop Erik González to second baseman Francisco Urbaez to first baseman Alex McGarry.   Dustin Peterson out at 2nd.    Sergio Alcántara out at 1st.","R","R","L","LOU","IND","X",6,"ground_ball",1,1,2024,1.53,0.94,-0.78,2.34,NA,670190,640460,1,5,"Top",115.57,155.28,NA,NA,642851,NA,NA,-14.321262543487,-135.607589133816,-5.04667764159963,22.1107760160153,30.7797479167768,-19.5726761797289,3.12,1.57,8,87.5,-16,92.8,2493,6.2,752938,666157,642851,685127,688005,541650,570481,674441,694362,677956,54.33,0.089,0.077,0,1,0,0,2,32,3,"4-Seam Fastball",0,1,1,0,1,0,1,0,"Standard","Standard",116,0.09,-0.586,NA,NA,"Cincinnati Reds","Pittsburgh Pirates"
"FF",2024-03-31,89.4,-2.5,5.57,"Abbott, Cory",678246,676265,"field_out","hit_into_play",NA,NA,NA,NA,4,"Miguel Vargas flies out to left fielder Jonatan Clase.","R","R","R","TAC","OKC","X",7,"fly_ball",2,2,2024,-0.94,1.6,-0.72,2.31,NA,NA,NA,1,3,"Top",85.52,117.41,NA,NA,657709,NA,NA,6.36082779382057,-129.990714392754,-5.33241579122266,-12.0187074050588,28.4926073137127,-13.1717142714968,3.3,1.67,227,98.7,54,89.1,2201,6.2,751440,676265,657709,605119,669392,656308,669208,682729,687799,613564,54.27,0.003,0.003,0,1,0,0,3,19,6,"4-Seam Fastball",0,3,3,0,3,0,3,0,"Standard","Standard",74,0.009,-0.163,NA,NA,"Seattle Mariners","Los Angeles Dodgers"
"FC",2024-03-31,88.5,-2.18,6.43,"Buchanan, David",687208,571527,"home_run","hit_into_play",NA,NA,NA,NA,8,"Nathan Hickey homers (1) on a fly ball to center field.   Nick Sogard scores.","R","L","R","LHV","WOR","X",NA,"fly_ball",1,1,2024,0.2,0.82,0.1,1.91,NA,NA,686765,2,4,"Top",159.52,10.71,NA,NA,605244,NA,NA,5.09401793333603,-128.626819470212,-6.57569483234954,1.10638951778709,27.4034218713202,-21.9126238458669,3.22,1.63,435,109.7,24,87.7,2279,5.9,753015,571527,605244,669742,665019,674951,664068,621311,670276,656669,54.59,0.994,1.971,2,1,0,3,6,31,3,"Cutter",2,3,3,2,5,2,5,2,"Standard","Standard",204,-0.2,1.877,NA,NA,"Philadelphia Phillies","Boston Red Sox"
"FF",2024-03-31,95.2,-0.97,6.05,"Priester, Quinn",674441,682990,"walk","ball",NA,NA,NA,NA,8,"Bats challenged (pitch result), call on the field was overturned: Jacob Hurtubise walks.","R","L","R","LOU","IND","B",NA,"",3,2,2024,-0.4,1.22,-0.23,1.5,NA,NA,NA,2,6,"Bot",NA,NA,NA,NA,670190,NA,NA,2.85239381205047,-138.471441000349,-9.08572569123608,-5.81629464396422,29.6909112962647,-14.684743960893,3.14,1.59,NA,NA,NA,95.7,2271,6.5,752938,682990,670190,682650,678894,642727,693304,640460,665482,641943,53.98,NA,0.689131,0.7,1,0,0,NA,45,7,"4-Seam Fastball",0,3,0,3,3,0,0,3,"Standard","Standard",212,0.014,0.11,NA,NA,"Cincinnati Reds","Pittsburgh Pirates"
"CH",2024-03-31,83.2,1.35,6.18,"Carpenter, Ryan",687597,543001,"","ball",NA,NA,NA,NA,13,"Jordan Beck triples (1) on a sharp line drive to center fielder Tim Locastro.","R","R","L","ABQ","ELP","B",NA,"",2,2,2024,0.78,0.59,-0.61,0.73,NA,NA,NA,2,5,"Bot",NA,NA,NA,NA,608700,NA,NA,-6.0403108272869,-121.1286973663,-7.37099370622319,8.68255583276617,18.3337301596431,-25.3131020734519,3.29,1.66,NA,NA,NA,84.3,1765,6.5,752117,543001,608700,664954,676946,687867,669200,672359,641796,668751,54.01,NA,NA,NA,NA,NA,NA,NA,44,9,"Changeup",3,3,3,3,3,3,3,3,"Standard","Standard",126,0,0.041,NA,NA,"Colorado Rockies","San Diego Padres"
"SL",2024-03-31,82.2,1.56,6.24,"Headrick, Brent",687588,687396,"strikeout","swinging_strike",NA,NA,NA,NA,14,"Micah Pries strikes out swinging.","R","L","L","STP","COL","S",2,"",2,2,2024,-0.2,0.2,0.02,1,NA,NA,NA,1,4,"Top",NA,NA,NA,NA,680868,NA,NA,-3.11920149017718,-119.526264312926,-5.67797550422002,-1.27707596401962,24.8345597391109,-29.3206927809017,3.34,1.69,NA,NA,NA,82.2,2148,6.5,752412,687396,680868,669304,668791,670870,680737,684576,680577,679938,53.97,NA,0,0,1,0,0,NA,26,5,"Slider",0,2,2,0,2,0,2,0,"Infield shade","Standard",224,0.012,-0.163,NA,NA,"Minnesota Twins","Cleveland Guardians"
"SL",2024-03-31,86.2,-1.98,6.34,"Rutledge, Jackson",682668,671131,"","called_strike",NA,NA,NA,NA,1,"Luisangel Acuña strikes out swinging.","R","R","R","SYR","ROC","S",NA,"",0,0,2024,0.18,0.26,-0.34,2.6,NA,578428,676625,2,5,"Bot",NA,NA,NA,NA,686251,NA,NA,3.53344198875504,-125.676252876578,-3.31169558577194,1.35422569001129,20.9168876750752,-28.9714851152115,3.02,1.53,NA,NA,NA,86.5,2119,6,752338,671131,686251,660766,671117,666906,686639,695578,696285,663905,54.55,NA,NA,NA,NA,NA,NA,NA,45,1,"Slider",1,5,1,5,5,1,1,5,"Standard","Standard",174,0,-0.099,NA,NA,"New York Mets","Washington Nationals"
"SI",2024-03-31,87.1,-1.07,6.57,"Elder, Bryce",687859,693821,"single","hit_into_play",NA,NA,NA,NA,7,"Troy Johnston singles on a fly ball to left fielder Leury García.","R","L","R","JAX","GWN","X",7,"fly_ball",1,0,2024,-1.09,1.06,-0.62,1.5,NA,NA,NA,0,7,"Bot",68.33,141.93,NA,NA,592205,NA,NA,3.29205697500888,-126.628390015458,-8.13536516254171,-12.4042681721359,24.285113267648,-19.3926362477122,3.19,1.61,202,66.2,44,86.6,NA,5.9,753091,693821,592205,595943,664058,664670,623205,544725,679881,621450,54.62,0.349,0.332,0.9,1,1,0,3,58,2,"Sinker",0,10,0,10,10,0,0,10,"Standard","Standard",NA,0.001,0.382,NA,NA,"Miami Marlins","Atlanta Braves"
"FF",2024-03-31,91.2,-1.77,5.92,"Estes, Joey",545341,683155,"","foul",NA,NA,NA,NA,1,"Randal Grichuk called out on strikes.","R","R","R","LV","RNO","S",NA,"",3,1,2024,-0.76,1.2,-0.67,3.34,678489,NA,NA,2,4,"Top",NA,NA,NA,NA,691016,NA,NA,4.38450393228922,-132.826274774175,-3.20667545337425,-9.97250138379476,26.9891209389895,-17.4574107449455,3.3,1.67,NA,NA,NA,90.8,2432,5.9,751961,683155,691016,669722,669137,672478,691777,670860,663662,680474,54.6,NA,NA,NA,NA,NA,NA,NA,31,5,"4-Seam Fastball",0,5,5,0,5,0,5,0,"Standard","Standard",207,0,-0.093,NA,NA,"Oakland Athletics","Arizona Diamondbacks"
"CH",2024-03-31,84,-2.8,5.78,"Sampson, Adrian",680810,592716,"","foul",NA,NA,NA,NA,13,"Quincy Hamilton pops out to catcher Sam Huff in foul territory.","R","L","R","RR","SUG","S",NA,"",0,0,2024,-1.11,0.51,-0.26,1.38,NA,NA,694175,2,5,"Top",NA,NA,NA,NA,669087,NA,NA,8.08936521476361,-122.121169691385,-4.90783320751579,-12.6002803841801,20.4481887420205,-26.2818507311986,3.12,1.57,0,30.8,-73,84.7,1727,6.4,751740,592716,669087,679822,622110,673995,680716,669386,609274,660758,54.06,NA,NA,NA,NA,NA,NA,NA,43,1,"Changeup",8,2,2,8,2,8,2,8,"Infield shade","Standard",251,0,-0.051,NA,NA,"Texas Rangers","Houston Astros"
"SL",2024-03-31,82,-1.49,5.6,"Daniel, Davis",682617,669721,"","foul",NA,NA,NA,NA,8,"Marco Luciano singles on a line drive to left fielder Hunter Dozier.   Ismael Munguia to 2nd.","R","R","R","SAC","SL","S",NA,"",2,0,2024,0.57,0.57,0.2,1.64,NA,NA,665998,1,6,"Bot",NA,NA,NA,NA,595453,NA,NA,2.73084508371388,-119.440712403641,-3.53066419678025,4.9433219952161,23.4087271456946,-26.2450627614,3.25,1.64,NA,NA,NA,82.6,2309,6.7,751669,669721,595453,800685,670869,641779,605346,641531,669326,677941,53.83,NA,NA,NA,NA,NA,NA,NA,42,3,"Slider",0,0,0,0,0,0,0,0,"Standard","Standard",113,0,-0.104,NA,NA,"San Francisco Giants","Los Angeles Angels"
"FC",2024-03-31,87.9,-1.7,6.16,"Suárez, Albert",592348,544150,"","ball",NA,NA,NA,NA,11,"Niko Goodrum strikes out swinging.","R","L","R","NOR","DUR","B",NA,"",1,1,2024,-0.25,0.99,-1.22,2.72,NA,NA,678545,2,7,"Top",NA,NA,NA,NA,668974,NA,NA,1.66935233129224,-128.124334774925,-4.37673326293331,-3.04171437126194,23.6425774583786,-20.585691268985,3.34,1.69,NA,NA,NA,89,2169,6.7,752715,544150,668974,695257,660636,691723,702616,681393,669065,677008,53.85,NA,NA,NA,NA,NA,NA,NA,63,3,"Cutter",1,16,16,1,16,1,16,1,"Standard","Standard",216,0,0.048,NA,NA,"Baltimore Orioles","Tampa Bay Rays"
"FF",2024-03-31,92.4,3.47,5.75,"Lodolo, Nick",642727,666157,"","ball",NA,NA,NA,NA,11,"Sergio Alcántara grounds into a double play, shortstop Erik González to second baseman Francisco Urbaez to first baseman Alex McGarry.   Dustin Peterson out at 2nd.    Sergio Alcántara out at 1st.","R","R","L","LOU","IND","B",NA,"",0,1,2024,1.49,0.94,-1.73,3.45,NA,670190,640460,1,5,"Top",NA,NA,NA,NA,642851,NA,NA,-16.3527349155132,-133.544532447332,-2.02373502219198,21.3401836509937,28.7593081010657,-20.6042289283572,3.12,1.57,NA,NA,NA,91.7,2457,6.2,752938,666157,642851,685127,688005,541650,570481,674441,694362,677956,54.25,NA,NA,NA,NA,NA,NA,NA,32,2,"4-Seam Fastball",0,1,1,0,1,0,1,0,"Standard","Standard",119,0,0.094,NA,NA,"Cincinnati Reds","Pittsburgh Pirates"
"CH",2024-03-31,85.9,-1.6,5.89,"Estes, Joey",545341,683155,"","ball",NA,NA,NA,NA,14,"Randal Grichuk called out on strikes.","R","R","R","LV","RNO","B",NA,"",2,1,2024,-1.13,1.13,0.32,1.11,678489,NA,NA,2,4,"Top",NA,NA,NA,NA,691016,NA,NA,6.7667499473371,-124.798224509459,-7.34360722740925,-13.1429717364634,22.8633491017142,-19.0710104481575,3.3,1.67,NA,NA,NA,85.5,1716,5.9,751961,683155,691016,669722,669137,672478,691777,670860,663662,680474,54.55,NA,NA,NA,NA,NA,NA,NA,31,4,"Changeup",0,5,5,0,5,0,5,0,"Standard","Standard",225,0,0.097,NA,NA,"Oakland Athletics","Arizona Diamondbacks"
"FC",2024-03-31,89.4,-1.11,5.83,"Dallas, Chad",675656,689149,"strikeout","swinging_strike",NA,NA,NA,NA,11,"Kevin Smith strikes out swinging.","R","R","R","BUF","SWB","S",2,"",1,2,2024,0.5,0.46,-0.57,3.37,NA,702332,677592,2,5,"Top",NA,NA,NA,NA,668721,NA,NA,0.273550762669512,-130.377130867471,-1.16399423812186,5.79598835275347,22.0418190309375,-26.8812470349461,3.16,1.59,NA,NA,NA,90.3,2331,6.3,753613,689149,668721,687462,671088,680718,677870,672463,686490,683770,54.22,NA,0,0,1,0,0,NA,41,5,"Cutter",1,3,3,1,3,1,3,1,"Infield shade","Standard",157,0.033,-0.33,NA,NA,"Toronto Blue Jays","New York Yankees"
"CU",2024-03-31,76.7,1.22,6.28,"Carpenter, Ryan",687597,543001,"","ball",NA,NA,NA,NA,13,"Jordan Beck triples (1) on a sharp line drive to center fielder Tim Locastro.","R","R","L","ABQ","ELP","B",NA,"",1,2,2024,-0.73,-1.05,-2.47,-0.96,NA,NA,NA,2,5,"Bot",NA,NA,NA,NA,608700,NA,NA,-6.51873271336957,-111.552519359628,-6.45647053972525,-4.98319657436181,19.2822666798515,-40.0038318496926,3.29,1.66,NA,NA,NA,77.2,2737,6.6,752117,543001,608700,664954,676946,687867,669200,672359,641796,668751,53.91,NA,NA,NA,NA,NA,NA,NA,44,8,"Curveball",3,3,3,3,3,3,3,3,"Standard","Standard",340,0,0.02,NA,NA,"Colorado Rockies","San Diego Padres"
"FF",2024-03-31,95.3,-2.02,6.44,"Rutledge, Jackson",687551,671131,"strikeout","swinging_strike",NA,NA,NA,NA,11,"Drew Gilbert strikes out swinging.","R","L","R","SYR","ROC","S",2,"",2,2,2024,-0.59,1.43,-0.04,4.05,NA,578428,676625,1,5,"Bot",NA,NA,NA,NA,686251,NA,NA,6.5293236454881,-138.646757285417,-3.86308956931245,-9.04353015343214,29.7736431141563,-12.9725036877431,3.06,1.54,NA,NA,NA,95.4,2372,6.2,752338,671131,686251,660766,671117,666906,686639,695578,696285,663905,54.25,NA,0,0,1,0,0,NA,44,5,"4-Seam Fastball",1,5,1,5,5,1,1,5,"Infield shade","Standard",225,-0.04,-0.456,NA,NA,"New York Mets","Washington Nationals"
"SI",2024-03-31,90.7,-2.73,5.82,"Sampson, Adrian",694376,592716,"field_out","hit_into_play",NA,NA,NA,NA,7,"Shay Whitcomb flies out to left fielder Trevor Hauver.","R","R","R","RR","SUG","X",7,"fly_ball",2,2,2024,-1.24,0.74,-0.74,1.76,NA,NA,694175,1,5,"Top",72.4,102.78,NA,NA,669087,NA,NA,7.65135462523665,-131.944113845448,-5.88506635903599,-16.0686159115569,24.9911641125736,-22.4986541948515,3.25,1.64,274,80.5,46,91.4,1941,6.5,751740,592716,669087,679822,622110,673995,680716,669386,609274,660758,54,0.031,0.03,0,1,0,0,3,42,7,"Sinker",8,2,2,8,2,8,2,8,"Standard","Standard",239,0.009,-0.282,NA,NA,"Texas Rangers","Houston Astros"
"CH",2024-03-31,84.6,-1.08,6.61,"Elder, Bryce",687859,693821,"","ball",NA,NA,NA,NA,14,"Troy Johnston singles on a fly ball to left fielder Leury García.","R","L","R","JAX","GWN","B",NA,"",0,0,2024,-1.05,1.11,0.64,1.43,NA,NA,NA,0,7,"Bot",NA,NA,NA,NA,592205,NA,NA,6.03693337687678,-122.923832765464,-7.89450557661845,-11.8077105633302,23.1275742631629,-19.5762329956818,3.19,1.61,NA,NA,NA,84,NA,5.9,753091,693821,592205,595943,664058,664670,623205,544725,679881,621450,54.64,NA,NA,NA,NA,NA,NA,NA,58,1,"Changeup",0,10,0,10,10,0,0,10,"Standard","Standard",NA,0,0.062,NA,NA,"Miami Marlins","Atlanta Braves"
"FF",2024-03-31,89.8,-1.3,5.64,"Daniel, Davis",682617,669721,"","ball",NA,NA,NA,NA,12,"Marco Luciano singles on a line drive to left fielder Hunter Dozier.   Ismael Munguia to 2nd.","R","R","R","SAC","SL","B",NA,"",1,0,2024,-0.44,1.26,0.57,3.63,NA,NA,665998,1,6,"Bot",NA,NA,NA,NA,595453,NA,NA,5.60484459812498,-130.586212262173,-1.61467609998779,-6.28801355984991,29.6798984632878,-17.7085509799009,3.25,1.64,NA,NA,NA,90,2064,6.6,751669,669721,595453,800685,670869,641779,605346,641531,669326,677941,53.87,NA,NA,NA,NA,NA,NA,NA,42,2,"4-Seam Fastball",0,0,0,0,0,0,0,0,"Standard","Standard",205,0,0.097,NA,NA,"San Francisco Giants","Los Angeles Angels"
"SL",2024-03-31,85.2,-1.02,6.13,"Priester, Quinn",674441,682990,"","foul",NA,NA,NA,NA,8,"Bats challenged (pitch result), call on the field was overturned: Jacob Hurtubise walks.","R","L","R","LOU","IND","S",NA,"",3,2,2024,0.46,-0.24,-0.15,1.61,NA,NA,NA,2,6,"Bot",NA,NA,NA,NA,670190,NA,NA,1.11096287389324,-124.160323480837,-3.83752325353015,4.57764034605199,25.2666373813039,-34.1186030948563,3.14,1.59,2,96.1,-37,85.3,2356,6.3,752938,682990,670190,682650,678894,642727,693304,640460,665482,641943,54.2,NA,NA,NA,NA,NA,NA,NA,45,6,"Slider",0,3,0,3,3,0,0,3,"Standard","Standard",103,0,0,NA,NA,"Cincinnati Reds","Pittsburgh Pirates"
"KC",2024-03-31,81.5,-2.6,5.79,"Abbott, Cory",678246,676265,"","ball",NA,NA,NA,NA,14,"Miguel Vargas flies out to left fielder Jonatan Clase.","R","R","R","TAC","OKC","B",NA,"",1,2,2024,0.42,-0.85,0.33,0.93,NA,NA,NA,1,3,"Top",NA,NA,NA,NA,657709,NA,NA,5.75719644154746,-118.673096490837,-2.72486690457664,2.8573116105087,22.2684829663104,-39.8918458689455,3.3,1.67,NA,NA,NA,81.4,2338,6.1,751440,676265,657709,605119,669392,656308,669208,682729,687799,613564,54.39,NA,NA,NA,NA,NA,NA,NA,19,5,"Knuckle Curve",0,3,3,0,3,0,3,0,"Standard","Standard",24,0,0.037,NA,NA,"Seattle Mariners","Los Angeles Dodgers"
"CH",2024-03-31,83,-2.18,6.5,"Buchanan, David",687208,571527,"","called_strike",NA,NA,NA,NA,8,"Nathan Hickey homers (1) on a fly ball to center field.   Nick Sogard scores.","R","L","R","LHV","WOR","S",NA,"",1,0,2024,-0.93,1.02,0.1,1.81,NA,NA,686765,2,4,"Top",NA,NA,NA,NA,605244,NA,NA,6.94699596966696,-120.622948802477,-6.21571442314145,-10.3854892186898,22.3870857131894,-21.2344960030443,3.22,1.63,NA,NA,NA,82.3,1884,5.8,753015,571527,605244,669742,665019,674951,664068,621311,670276,656669,54.69,NA,NA,NA,NA,NA,NA,NA,31,2,"Changeup",2,3,3,2,3,2,3,2,"Standard","Standard",217,0,-0.057,NA,NA,"Philadelphia Phillies","Boston Red Sox"
"SL",2024-03-31,82.2,1.68,6.25,"Headrick, Brent",687588,687396,"","called_strike",NA,NA,NA,NA,2,"Micah Pries strikes out swinging.","R","L","L","STP","COL","S",NA,"",2,1,2024,-0.27,0.4,-0.05,3.08,NA,NA,NA,1,4,"Top",NA,NA,NA,NA,680868,NA,NA,-3.4098440136682,-119.729629258527,-1.43526436187925,-1.91507027446051,23.4438132582363,-28.2196387564869,3.34,1.69,NA,NA,NA,82.7,2104,6.6,752412,687396,680868,669304,668791,670870,680737,684576,680577,679938,53.88,NA,NA,NA,NA,NA,NA,NA,26,4,"Slider",0,2,2,0,2,0,2,0,"Infield shade","Standard",170,0,-0.059,NA,NA,"Minnesota Twins","Cleveland Guardians"
"CU",2024-03-31,80.4,3.49,5.71,"Lodolo, Nick",642727,666157,"","swinging_strike",NA,NA,NA,NA,13,"Sergio Alcántara grounds into a double play, shortstop Erik González to second baseman Francisco Urbaez to first baseman Alex McGarry.   Dustin Peterson out at 2nd.    Sergio Alcántara out at 1st.","R","R","L","LOU","IND","S",NA,"",0,0,2024,-0.78,0.07,-1.54,1.21,NA,670190,640460,1,5,"Top",NA,NA,NA,NA,642851,NA,NA,-9.62867533526479,-116.765965755112,-3.41501116779236,-5.43291368295161,21.1509970991562,-31.0671161485662,3.12,1.57,NA,NA,NA,80.2,2682,6.2,752938,666157,642851,685127,688005,541650,570481,674441,694362,677956,54.3,NA,NA,NA,NA,NA,NA,NA,32,1,"Curveball",0,1,1,0,1,0,1,0,"Standard","Standard",307,0,-0.131,NA,NA,"Cincinnati Reds","Pittsburgh Pirates"
"CH",2024-03-31,86.1,-1.7,5.99,"Suárez, Albert",592348,544150,"","ball",NA,NA,NA,NA,14,"Niko Goodrum strikes out swinging.","R","L","R","NOR","DUR","B",NA,"",0,1,2024,-1.5,0.67,0.06,0.37,NA,NA,678545,2,7,"Top",NA,NA,NA,NA,668974,NA,NA,7.27327205857525,-125.028154292684,-8.51054299552519,-17.2274131998898,24.8174494450336,-23.6060040613094,3.34,1.69,NA,NA,NA,86.6,2071,6.7,752715,544150,668974,695257,660636,691723,702616,681393,669065,677008,53.8,NA,NA,NA,NA,NA,NA,NA,63,2,"Changeup",1,16,16,1,16,1,16,1,"Standard","Standard",235,0,0.035,NA,NA,"Baltimore Orioles","Tampa Bay Rays"
"FF",2024-03-31,92.9,-1.71,5.96,"Estes, Joey",545341,683155,"","ball",NA,NA,NA,NA,14,"Randal Grichuk called out on strikes.","R","R","R","LV","RNO","B",NA,"",1,1,2024,-0.58,1.2,1.21,2.36,678489,NA,NA,2,4,"Top",NA,NA,NA,NA,691016,NA,NA,8.72702219451031,-135.062746749281,-6.11043014740059,-8.89714418126312,25.9243302929183,-16.266488337057,3.3,1.67,NA,NA,NA,93,2345,6.1,751961,683155,691016,669722,669137,672478,691777,670860,663662,680474,54.39,NA,NA,NA,NA,NA,NA,NA,31,3,"4-Seam Fastball",0,5,5,0,5,0,5,0,"Standard","Standard",211,0,0.056,NA,NA,"Oakland Athletics","Arizona Diamondbacks"
"FF",2024-03-31,90.3,1.47,6.18,"Headrick, Brent",687588,687396,"","ball",NA,NA,NA,NA,11,"Micah Pries strikes out swinging.","R","L","L","STP","COL","B",NA,"",1,1,2024,0.57,1.53,-0.95,2.66,NA,NA,NA,1,4,"Top",NA,NA,NA,NA,680868,NA,NA,-7.29499317820632,-131.090252544095,-5.99831114062655,8.27538833878801,32.4850228587131,-13.5029545897755,3.34,1.69,NA,NA,NA,90.4,2331,6.9,752412,687396,680868,669304,668791,670870,680737,684576,680577,679938,53.61,NA,NA,NA,NA,NA,NA,NA,26,3,"4-Seam Fastball",0,2,2,0,2,0,2,0,"Infield shade","Standard",141,0,0.047,NA,NA,"Minnesota Twins","Cleveland Guardians"
"FF",2024-03-31,93,-0.75,5.92,"Myers, Tobias",668723,668964,"walk","ball",NA,NA,NA,NA,14,"Ryan Vilade walks.","R","R","R","TOL","NAS","B",NA,"",3,2,2024,-0.32,1.56,1.06,1.48,NA,NA,NA,0,5,"Bot",NA,NA,NA,NA,685277,NA,NA,5.37031812551932,-135.053597637007,-9.02088009951729,-5.15257927992425,31.4653914717403,-11.263621912379,3.3,1.67,NA,NA,NA,93.1,2051,6.6,752265,668964,685277,680911,686555,657562,681962,676896,686894,676551,53.86,NA,0.689131,0.7,1,0,0,NA,43,8,"4-Seam Fastball",0,6,0,6,6,0,0,6,"Standard","Standard",200,0.015,0.356,NA,NA,"Detroit Tigers","Milwaukee Brewers"
"FF",2024-03-31,88.5,-2.79,5.47,"Abbott, Cory",678246,676265,"","foul",NA,NA,NA,NA,6,"Miguel Vargas flies out to left fielder Jonatan Clase.","R","R","R","TAC","OKC","S",NA,"",1,2,2024,-0.61,1.64,0.37,2.29,NA,NA,NA,1,3,"Top",NA,NA,NA,NA,657709,NA,NA,8.94659459566227,-128.509202557486,-5.0751377095258,-8.65183205233047,27.839011762508,-13.1592791211459,3.3,1.67,250,75.4,42,88.2,2262,6.3,751440,676265,657709,605119,669392,656308,669208,682729,687799,613564,54.21,NA,NA,NA,NA,NA,NA,NA,19,4,"4-Seam Fastball",0,3,3,0,3,0,3,0,"Standard","Standard",213,0,0,NA,NA,"Seattle Mariners","Los Angeles Dodgers"
"SL",2024-03-31,79.9,-1.55,5.67,"Daniel, Davis",682617,669721,"","ball",NA,NA,NA,NA,11,"Marco Luciano singles on a line drive to left fielder Hunter Dozier.   Ismael Munguia to 2nd.","R","R","R","SAC","SL","B",NA,"",0,0,2024,1.09,0.22,-1.13,3.27,NA,NA,665998,1,6,"Bot",NA,NA,NA,NA,595453,NA,NA,-1.13076544976753,-116.289748534487,1.10676159978827,10.0010819405367,24.9369907139901,-30.6940831426039,3.25,1.64,NA,NA,NA,79.6,2220,6.4,751669,669721,595453,800685,670869,641779,605346,641531,669326,677941,54.07,NA,NA,NA,NA,NA,NA,NA,42,1,"Slider",0,0,0,0,0,0,0,0,"Standard","Standard",91,0,0.055,NA,NA,"San Francisco Giants","Los Angeles Angels"
"SL",2024-03-31,83.6,-0.82,6.49,"Elder, Bryce",641505,693821,"strikeout","swinging_strike",NA,NA,NA,NA,14,"Jonathan Davis strikes out swinging.","R","R","R","JAX","GWN","S",2,"",3,2,2024,0.15,-0.06,1.25,1.56,NA,NA,NA,2,6,"Bot",NA,NA,NA,NA,592205,NA,NA,4.43519298685966,-121.603688664111,-4.78341337768459,0.648726055210543,24.1568452093136,-32.010297313326,3.02,1.53,NA,NA,NA,83,NA,6,753091,693821,592205,595943,664058,664670,623205,544725,679881,621450,54.55,NA,0,0,1,0,0,NA,49,6,"Slider",0,5,0,5,5,0,0,5,"Standard","Standard",NA,-0.003,-0.129,NA,NA,"Miami Marlins","Atlanta Braves"
"SL",2024-03-31,84,-0.95,5.57,"Hoffmann, Andrew",670237,694851,"strikeout","called_strike",NA,NA,NA,NA,14,"Jake Slaughter called out on strikes.","R","R","R","OMA","IOW","S",2,"",0,2,2024,0.65,0.23,0.84,1.88,NA,NA,NA,2,5,"Top",NA,NA,NA,NA,682515,NA,NA,2.89302927422335,-122.353214702112,-2.64452569108342,5.95783100989901,23.346395658421,-29.5974296598159,3.27,1.65,NA,NA,NA,85.3,2408,7,752640,694851,682515,668472,686475,680769,687478,670231,671221,694355,53.52,NA,0,0,1,0,0,NA,34,3,"Slider",0,2,2,0,2,0,2,0,"Standard","Standard",82,0.008,-0.053,NA,NA,"Kansas City Royals","Chicago Cubs"
"FF",2024-03-31,90.2,1.52,6.36,"Carpenter, Ryan",687597,543001,"","foul",NA,NA,NA,NA,12,"Jordan Beck triples (1) on a sharp line drive to center fielder Tim Locastro.","R","R","L","ABQ","ELP","S",NA,"",1,2,2024,0.35,0.95,0.45,3.47,NA,NA,NA,2,5,"Bot",NA,NA,NA,NA,608700,NA,NA,-3.40581051422363,-131.564068575898,-3.42226640765675,4.71697797204662,21.3750487724518,-20.5319648940834,3.29,1.66,239,75.7,56,91.4,2136,6.4,752117,543001,608700,664954,676946,687867,669200,672359,641796,668751,54.12,NA,NA,NA,NA,NA,NA,NA,44,7,"4-Seam Fastball",3,3,3,3,3,3,3,3,"Standard","Standard",146,0,0,NA,NA,"Colorado Rockies","San Diego Padres"
"FF",2024-03-31,92.2,-0.9,5.82,"Dallas, Chad",675656,689149,"","ball",NA,NA,NA,NA,14,"Kevin Smith strikes out swinging.","R","R","R","BUF","SWB","B",NA,"",0,2,2024,0,0.79,1.31,2.19,NA,702332,677592,2,5,"Top",NA,NA,NA,NA,668721,NA,NA,5.61475956526782,-134.291287827058,-5.20895471473213,-1.11192774378313,26.3533604710895,-21.6466086122757,3.16,1.59,NA,NA,NA,92.8,2087,6.4,753613,689149,668721,687462,671088,680718,677870,672463,686490,683770,54.12,NA,NA,NA,NA,NA,NA,NA,41,4,"4-Seam Fastball",1,3,3,1,3,1,3,1,"Infield shade","Strategic",183,0,0.075,NA,NA,"Toronto Blue Jays","New York Yankees"
"CU",2024-03-31,78.7,-0.94,6.3,"Priester, Quinn",674441,682990,"","ball",NA,NA,NA,NA,14,"Bats challenged (pitch result), call on the field was overturned: Jacob Hurtubise walks.","R","L","R","LOU","IND","B",NA,"",2,2,2024,0.51,-0.85,0.22,1.25,NA,NA,NA,2,6,"Bot",NA,NA,NA,NA,670190,NA,NA,1.57739555996309,-114.710104195112,-2.6000024272033,4.1842927121972,20.65719031486,-39.4314610270311,3.14,1.59,NA,NA,NA,78.7,2587,6.2,752938,682990,670190,682650,678894,642727,693304,640460,665482,641943,54.34,NA,NA,NA,NA,NA,NA,NA,45,5,"Curveball",0,3,0,3,3,0,0,3,"Standard","Standard",50,0,0.041,NA,NA,"Cincinnati Reds","Pittsburgh Pirates"
"SI",2024-03-31,91,-2.57,5.91,"Sampson, Adrian",694376,592716,"","foul",NA,NA,NA,NA,8,"Shay Whitcomb flies out to left fielder Trevor Hauver.","R","R","R","RR","SUG","S",NA,"",2,2,2024,-1.11,0.82,0.11,2.11,NA,NA,694175,1,5,"Top",NA,NA,NA,NA,669087,NA,NA,9.13906654101975,-132.248761804093,-5.4104396638728,-14.9255099401824,26.960512718883,-21.5503159716851,3.25,1.64,316,91.4,30,91.4,2001,6.5,751740,592716,669087,679822,622110,673995,680716,669386,609274,660758,53.99,NA,NA,NA,NA,NA,NA,NA,42,6,"Sinker",8,2,2,8,2,8,2,8,"Standard","Standard",229,0,0,NA,NA,"Texas Rangers","Houston Astros"
"CH",2024-03-31,85.6,-1.64,6.02,"Suárez, Albert",592348,544150,"","called_strike",NA,NA,NA,NA,1,"Niko Goodrum strikes out swinging.","R","L","R","NOR","DUR","S",NA,"",0,0,2024,-1.33,0.78,-0.34,3.22,NA,NA,678545,2,7,"Top",NA,NA,NA,NA,668974,NA,NA,5.79277873994104,-124.572964975441,-1.93157563075286,-15.0425056990671,23.5649877316427,-23.8681067153505,3.34,1.69,NA,NA,NA,86.5,2030,6.7,752715,544150,668974,695257,660636,691723,702616,681393,669065,677008,53.77,NA,NA,NA,NA,NA,NA,NA,63,1,"Changeup",1,16,16,1,16,1,16,1,"Standard","Standard",234,0,-0.051,NA,NA,"Baltimore Orioles","Tampa Bay Rays"
"FF",2024-03-31,94.4,-2.04,6.43,"Rutledge, Jackson",687551,671131,"","foul",NA,NA,NA,NA,11,"Drew Gilbert strikes out swinging.","R","L","R","SYR","ROC","S",NA,"",2,1,2024,-0.56,1.21,-0.2,3.49,NA,578428,676625,1,5,"Bot",NA,NA,NA,NA,686251,NA,NA,6.03828731112718,-137.529567563394,-4.74727915697229,-8.3579021229899,25.3064744593296,-15.8934084759665,3.06,1.54,251,75.7,48,94.9,2417,6.2,752338,671131,686251,660766,671117,666906,686639,695578,696285,663905,54.34,NA,NA,NA,NA,NA,NA,NA,44,4,"4-Seam Fastball",1,5,1,5,5,1,1,5,"Standard","Standard",225,0,-0.148,NA,NA,"New York Mets","Washington Nationals"
"FC",2024-03-31,87.8,-2.27,6.44,"Buchanan, David",687208,571527,"","ball",NA,NA,NA,NA,14,"Nathan Hickey homers (1) on a fly ball to center field.   Nick Sogard scores.","R","L","R","LHV","WOR","B",NA,"",0,0,2024,0.14,0.83,0.55,0.94,NA,NA,686765,2,4,"Top",NA,NA,NA,NA,605244,NA,NA,6.49164658444588,-127.503133585523,-8.84952599585592,0.245557609346472,25.242632368326,-21.5398692836212,3.22,1.63,NA,NA,NA,87.3,2312,6,753015,571527,605244,669742,665019,674951,664068,621311,670276,656669,54.51,NA,NA,NA,NA,NA,NA,NA,31,1,"Cutter",2,3,3,2,3,2,3,2,"Standard","Standard",204,0,0.041,NA,NA,"Philadelphia Phillies","Boston Red Sox"
"FF",2024-03-31,94,3.42,5.72,"Lodolo, Nick",640460,666157,"walk","ball",NA,NA,NA,NA,13,"Dustin Peterson walks.   Carter Bins to 2nd.","R","R","L","LOU","IND","B",NA,"",3,2,2024,1.57,0.88,-0.41,1.42,NA,NA,670190,1,5,"Top",NA,NA,NA,NA,642851,NA,NA,-13.3101984525333,-136.079592814691,-7.33101047513616,22.3841023053836,28.4557350474509,-19.7149892254664,3.26,1.65,NA,NA,NA,93.5,2422,6.2,752938,666157,642851,685127,688005,541650,570481,674441,694362,677956,54.31,NA,0.689131,0.7,1,0,0,NA,31,9,"4-Seam Fastball",0,1,1,0,1,0,1,0,"Standard","Standard",123,-0.036,0.33,NA,NA,"Cincinnati Reds","Pittsburgh Pirates"
"FF",2024-03-31,91.8,-1.79,5.83,"Estes, Joey",545341,683155,"","foul",NA,NA,NA,NA,7,"Randal Grichuk called out on strikes.","R","R","R","LV","RNO","S",NA,"",1,0,2024,-1.03,1.11,-0.65,2.04,678489,NA,NA,2,4,"Top",NA,NA,NA,NA,691016,NA,NA,5.07963503436668,-133.584884212019,-6.18579323471462,-13.3761700607134,25.7652871025761,-17.7049458963084,3.3,1.67,96,111.1,4,91.7,2211,6,751961,683155,691016,669722,669137,672478,691777,670860,663662,680474,54.52,NA,NA,NA,NA,NA,NA,NA,31,2,"4-Seam Fastball",0,5,5,0,5,0,5,0,"Standard","Standard",218,0,-0.084,NA,NA,"Oakland Athletics","Arizona Diamondbacks"
"SL",2024-03-31,81.6,-0.89,6.51,"Elder, Bryce",641505,693821,"","called_strike",NA,NA,NA,NA,8,"Jonathan Davis strikes out swinging.","R","R","R","JAX","GWN","S",NA,"",3,1,2024,0.05,-0.16,0.05,1.73,NA,NA,NA,2,6,"Bot",NA,NA,NA,NA,592205,NA,NA,2.0232816214137,-118.893137087844,-3.8857329540376,0.121640404943372,21.6882266325634,-33.2155159933738,3.02,1.53,NA,NA,NA,81.3,NA,5.9,753091,693821,592205,595943,664058,664670,623205,544725,679881,621450,54.6,NA,NA,NA,NA,NA,NA,NA,49,5,"Slider",0,5,0,5,5,0,0,5,"Standard","Standard",NA,0,-0.036,NA,NA,"Miami Marlins","Atlanta Braves"
"FC",2024-03-31,87.7,-2.3,6.42,"Buchanan, David",686765,571527,"single","hit_into_play",NA,NA,NA,NA,6,"Nick Sogard singles on a soft fly ball to left fielder David Dahl.   Dalton Guthrie scores.","R","L","R","LHV","WOR","X",7,"fly_ball",1,1,2024,0.56,0.32,0.4,2.62,656495,NA,NA,2,4,"Top",91.08,117.06,NA,NA,605244,NA,NA,5.31076646947932,-127.498618413461,-3.63430928407925,4.85487768673605,29.5968880506168,-28.0788183155115,3.25,1.64,224,71.8,37,86.6,2305,5.9,753015,571527,605244,669742,665019,674951,664068,621311,670276,656669,54.56,0.437,0.408,0.9,1,1,0,3,30,3,"Cutter",2,2,2,2,3,2,3,2,"Standard","Standard",181,-0.116,0.879,NA,NA,"Philadelphia Phillies","Boston Red Sox"
"CH",2024-03-31,86.9,-1.21,5.6,"Hoffmann, Andrew",670237,694851,"","called_strike",NA,NA,NA,NA,9,"Jake Slaughter called out on strikes.","R","R","R","OMA","IOW","S",NA,"",0,1,2024,-0.67,0.55,0.54,2.15,NA,NA,NA,2,5,"Top",NA,NA,NA,NA,682515,NA,NA,5.60123687490896,-126.468045296435,-3.26982758816419,-8.26561220517856,24.0554483678037,-25.8605447399185,3.27,1.65,NA,NA,NA,88,1541,6.8,752640,694851,682515,668472,686475,680769,687478,670231,671221,694355,53.67,NA,NA,NA,NA,NA,NA,NA,34,2,"Changeup",0,2,2,0,2,0,2,0,"Standard","Standard",231,0,-0.026,NA,NA,"Kansas City Royals","Chicago Cubs"
"SI",2024-03-31,93.5,-0.86,5.98,"Priester, Quinn",674441,682990,"","ball",NA,NA,NA,NA,11,"Bats challenged (pitch result), call on the field was overturned: Jacob Hurtubise walks.","R","L","R","LOU","IND","B",NA,"",1,2,2024,-0.89,0.39,-1.44,3.27,NA,NA,NA,2,6,"Bot",NA,NA,NA,NA,670190,NA,NA,0.498664494783396,-136.266401979442,-2.13919608077567,-11.2557329516236,29.80821124256,-27.0475097611872,3.14,1.59,NA,NA,NA,93.7,2060,6.3,752938,682990,670190,682650,678894,642727,693304,640460,665482,641943,54.18,NA,NA,NA,NA,NA,NA,NA,45,4,"Sinker",0,3,0,3,3,0,0,3,"Standard","Standard",220,0,0.02,NA,NA,"Cincinnati Reds","Pittsburgh Pirates"
"CH",2024-03-31,84.8,-1.65,5.5,"Daniel, Davis",665998,669721,"single","hit_into_play",NA,NA,NA,NA,1,"Ismael Munguia singles on a line drive to right fielder Jordyn Adams.","R","L","R","SAC","SL","X",9,"line_drive",0,1,2024,-1.54,0.95,-0.39,2.78,NA,NA,NA,1,6,"Bot",175.98,129.17,NA,NA,595453,NA,NA,6.05779141591789,-123.338681595566,-1.91967535830484,-16.9606969295012,24.283461106022,-22.3156246128881,3,1.52,150,88.5,11,85.2,1844,6.6,751669,669721,595453,800685,670869,641779,605346,641531,669326,677941,53.94,0.617,0.555,0.9,1,1,0,4,41,2,"Changeup",0,0,0,0,0,0,0,0,"Standard","Standard",227,0.047,0.329,NA,NA,"San Francisco Giants","Los Angeles Angels"
"CH",2024-03-31,87.2,3.49,5.71,"Lodolo, Nick",640460,666157,"","foul",NA,NA,NA,NA,9,"Dustin Peterson walks.   Carter Bins to 2nd.","R","R","L","LOU","IND","S",NA,"",3,2,2024,1.45,0.14,0.36,1.99,NA,NA,670190,1,5,"Top",NA,NA,NA,NA,642851,NA,NA,-10.5214489715452,-126.56239233964,-3.06926162577156,17.6834440787211,24.7157136184974,-30.2645908077167,3.26,1.65,2,74.8,-47,87.5,1986,6.5,752938,666157,642851,685127,688005,541650,570481,674441,694362,677956,54,NA,NA,NA,NA,NA,NA,NA,31,8,"Changeup",0,1,1,0,1,0,1,0,"Standard","Standard",108,0,0,NA,NA,"Cincinnati Reds","Pittsburgh Pirates"
"CH",2024-03-31,88.6,-2.28,6.21,"Rutledge, Jackson",687551,671131,"","ball",NA,NA,NA,NA,13,"Drew Gilbert strikes out swinging.","R","L","R","SYR","ROC","B",NA,"",1,1,2024,-1.17,0.49,-0.05,0.68,NA,578428,676625,1,5,"Bot",NA,NA,NA,NA,686251,NA,NA,7.84592556475337,-128.721158812284,-8.50102137881762,-14.5489264451162,24.0383909553615,-25.2217457018828,3.06,1.54,NA,NA,NA,88.7,1960,6.2,752338,671131,686251,660766,671117,666906,686639,695578,696285,663905,54.26,NA,NA,NA,NA,NA,NA,NA,44,3,"Changeup",1,5,1,5,5,1,1,5,"Standard","Standard",235,0,0.114,NA,NA,"New York Mets","Washington Nationals"
"FF",2024-03-31,93,-0.7,6.03,"Myers, Tobias",668723,668964,"","ball",NA,NA,NA,NA,11,"Ryan Vilade walks.","R","R","R","TOL","NAS","B",NA,"",2,2,2024,-0.27,1.54,-0.56,4.17,NA,NA,NA,0,5,"Bot",NA,NA,NA,NA,685277,NA,NA,0.941629041365065,-135.416914642966,-2.32485567679692,-3.4992293130109,32.695183032279,-13.0730418183946,3.3,1.67,NA,NA,NA,92.9,2000,6.4,752265,668964,685277,680911,686555,657562,681962,676896,686894,676551,54.09,NA,NA,NA,NA,NA,NA,NA,43,7,"4-Seam Fastball",0,6,0,6,6,0,0,6,"Standard","Standard",190,0,0.123,NA,NA,"Detroit Tigers","Milwaukee Brewers"
"SL",2024-03-31,79.3,1.98,6.02,"Carpenter, Ryan",687597,543001,"","foul",NA,NA,NA,NA,7,"Jordan Beck triples (1) on a sharp line drive to center fielder Tim Locastro.","R","R","L","ABQ","ELP","S",NA,"",1,2,2024,-0.81,-0.24,-0.5,1.85,NA,NA,NA,2,5,"Bot",NA,NA,NA,NA,608700,NA,NA,-3.92836893224029,-115.692575715957,-2.08856400648549,-6.77681943534388,17.0363547767405,-34.1787690618416,3.29,1.66,NA,NA,NA,80.2,2759,6.3,752117,543001,608700,664954,676946,687867,669200,672359,641796,668751,54.17,NA,NA,NA,NA,NA,NA,NA,44,6,"Slider",3,3,3,3,3,3,3,3,"Standard","Standard",294,0,0,NA,NA,"Colorado Rockies","San Diego Padres"
"SI",2024-03-31,91.1,-2.74,5.84,"Sampson, Adrian",694376,592716,"","foul",NA,NA,NA,NA,11,"Shay Whitcomb flies out to left fielder Trevor Hauver.","R","R","R","RR","SUG","S",NA,"",2,2,2024,-1.09,0.82,-0.99,2.51,NA,NA,694175,1,5,"Top",NA,NA,NA,NA,669087,NA,NA,6.76045623832644,-132.463153613127,-4.25796563520569,-14.2846903875564,27.6233613806073,-21.8407498413611,3.25,1.64,110,55.5,65,91.5,2013,6.5,751740,592716,669087,679822,622110,673995,680716,669386,609274,660758,53.96,NA,NA,NA,NA,NA,NA,NA,42,5,"Sinker",8,2,2,8,2,8,2,8,"Standard","Standard",237,0,0,NA,NA,"Texas Rangers","Houston Astros"
"KC",2024-03-31,82.8,-2.77,5.74,"Abbott, Cory",678246,676265,"","ball",NA,NA,NA,NA,14,"Miguel Vargas flies out to left fielder Jonatan Clase.","R","R","R","TAC","OKC","B",NA,"",0,2,2024,0.23,-0.69,1.22,0.89,NA,NA,NA,1,3,"Top",NA,NA,NA,NA,657709,NA,NA,8.6489298173548,-120.373679032639,-3.28570463172205,0.76352367795297,21.175976210849,-38.5432441724031,3.3,1.67,NA,NA,NA,83.1,2435,6.3,751440,676265,657709,605119,669392,656308,669208,682729,687799,613564,54.19,NA,NA,NA,NA,NA,NA,NA,19,3,"Knuckle Curve",0,3,3,0,3,0,3,0,"Standard","Standard",21,0,0.03,NA,NA,"Seattle Mariners","Los Angeles Dodgers"
"FF",2024-03-31,91.3,1.49,6.2,"Headrick, Brent",687588,687396,"","ball",NA,NA,NA,NA,8,"Micah Pries strikes out swinging.","R","L","L","STP","COL","B",NA,"",0,1,2024,0.69,1.48,-0.14,1.62,NA,NA,NA,1,4,"Top",NA,NA,NA,NA,680868,NA,NA,-5.64319535831343,-132.516034462896,-8.80355235746921,9.40056672031527,32.93907668301,-12.9469174813115,3.34,1.69,NA,NA,NA,91.6,2430,7,752412,687396,680868,669304,668791,670870,680737,684576,680577,679938,53.53,NA,NA,NA,NA,NA,NA,NA,26,2,"4-Seam Fastball",0,2,2,0,2,0,2,0,"Infield shade","Standard",142,0,0.033,NA,NA,"Minnesota Twins","Cleveland Guardians"
"FF",2024-03-31,94.2,-1.31,6.45,"Suárez, Albert",678545,544150,"field_error","hit_into_play",NA,NA,NA,NA,5,"Osleivis Basabe reaches on a fielding error by first baseman Billy Cook.   C.J. Hinojosa scores.","R","R","R","NOR","DUR","X",3,"ground_ball",0,1,2024,-0.93,1.44,-0.22,2.55,NA,546994,NA,2,7,"Top",171.28,152.59,NA,NA,668974,NA,NA,4.90494298104931,-136.883445276979,-7.63202956696149,-12.7635282459998,30.2833644666228,-12.6244602757428,3.17,1.6,50,103.1,0,94.4,2316,6.5,752715,544150,668974,695257,660636,691723,702616,681393,669065,677008,54.03,0.431,0.388,0.9,1,0,0,4,62,2,"4-Seam Fastball",1,15,15,1,16,1,16,1,"Standard","Standard",219,0,0.642,NA,NA,"Baltimore Orioles","Tampa Bay Rays"
"ST",2024-03-31,85.5,-0.89,5.89,"Mena, Cristian",695391,691441,"strikeout","swinging_strike",NA,NA,NA,NA,6,"Brett Harris strikes out swinging.","R","R","R","LV","RNO","S",2,"",0,2,2024,0.06,0.89,0.46,2.41,NA,663662,NA,2,5,"Bot",NA,NA,NA,NA,680728,NA,NA,3.09867724582803,-124.61702791904,-3.84961695135127,0.139011782754775,21.5133780233973,-22.2831379248677,3.28,1.66,NA,NA,NA,87.2,2545,7,751961,691441,680728,656976,676857,665953,621028,678489,545341,546991,53.52,NA,0,0,1,0,0,NA,42,3,"Sweeper",0,5,0,5,5,0,0,5,"Standard","Standard",88,-0.014,-0.174,NA,NA,"Oakland Athletics","Arizona Diamondbacks"
"SL",2024-03-31,80,-1.57,5.62,"Dallas, Chad",675656,689149,"","foul",NA,NA,NA,NA,2,"Kevin Smith strikes out swinging.","R","R","R","BUF","SWB","S",NA,"",0,2,2024,0.93,-0.23,0.16,3.1,NA,702332,677592,2,5,"Top",NA,NA,NA,NA,668721,NA,NA,2.06489514567417,-116.603931985749,1.50383761473831,8.17971681068679,20.2153495590634,-34.7398406811599,3.16,1.59,199,67.1,30,80.4,2572,6.3,753613,689149,668721,687462,671088,680718,677870,672463,686490,683770,54.22,NA,NA,NA,NA,NA,NA,NA,41,3,"Slider",1,3,3,1,3,1,3,1,"Standard","Standard",45,0,0,NA,NA,"Toronto Blue Jays","New York Yankees"
"FF",2024-03-31,92.4,-0.69,6.16,"Mena, Cristian",695391,691441,"","swinging_strike",NA,NA,NA,NA,12,"Brett Harris strikes out swinging.","R","R","R","LV","RNO","S",NA,"",0,1,2024,-0.11,1.39,0.15,3.42,NA,663662,NA,2,5,"Bot",NA,NA,NA,NA,680728,NA,NA,2.39083933525939,-134.573809362899,-4.28767118081582,-1.81849493165608,26.8821126771376,-14.5516004282774,3.28,1.66,NA,NA,NA,93.9,2316,7,751961,691441,680728,656976,676857,665953,621028,678489,545341,546991,53.53,NA,NA,NA,NA,NA,NA,NA,42,2,"4-Seam Fastball",0,5,0,5,5,0,0,5,"Standard","Standard",203,0,-0.086,NA,NA,"Oakland Athletics","Arizona Diamondbacks"
"CU",2024-03-31,80.5,-0.96,6.38,"Priester, Quinn",674441,682990,"","foul_tip",NA,NA,NA,NA,8,"Bats challenged (pitch result), call on the field was overturned: Jacob Hurtubise walks.","R","L","R","LOU","IND","S",NA,"",1,1,2024,0.56,-0.87,-0.1,1.99,NA,NA,NA,2,6,"Bot",NA,NA,NA,NA,670190,NA,NA,0.855879990556304,-117.27420209872,-1.42503797326273,4.99550611829206,22.0082919718551,-40.194244479888,3.14,1.59,NA,NA,NA,80.3,2588,6.1,752938,682990,670190,682650,678894,642727,693304,640460,665482,641943,54.41,NA,NA,NA,NA,NA,NA,NA,45,3,"Curveball",0,3,0,3,3,0,0,3,"Standard","Standard",55,0,-0.027,NA,NA,"Cincinnati Reds","Pittsburgh Pirates"
"FF",2024-03-31,91.4,-2.66,5.93,"Sampson, Adrian",694376,592716,"","ball",NA,NA,NA,NA,12,"Shay Whitcomb flies out to left fielder Trevor Hauver.","R","R","R","RR","SUG","B",NA,"",1,2,2024,-0.57,1.25,0.05,5.21,NA,NA,694175,1,5,"Top",NA,NA,NA,NA,669087,NA,NA,8.09425957252287,-132.831928895222,1.4070098609833,-8.53054635918203,28.632812538691,-17.9419793436896,3.25,1.64,NA,NA,NA,91.6,2068,6.5,751740,592716,669087,679822,622110,673995,680716,669386,609274,660758,54.01,NA,NA,NA,NA,NA,NA,NA,42,4,"4-Seam Fastball",8,2,2,8,2,8,2,8,"Standard","Standard",233,0,0.058,NA,NA,"Texas Rangers","Houston Astros"
"FC",2024-03-31,87.5,-2.35,6.44,"Buchanan, David",686765,571527,"","foul",NA,NA,NA,NA,2,"Nick Sogard singles on a soft fly ball to left fielder David Dahl.   Dalton Guthrie scores.","R","L","R","LHV","WOR","S",NA,"",1,0,2024,0.47,0.56,-0.18,2.78,656495,NA,NA,2,4,"Top",NA,NA,NA,NA,605244,NA,NA,4.24212595985579,-127.372273518245,-3.8065631270354,4.17213583726624,27.6334148511002,-25.4569311201263,3.25,1.64,178,71.2,58,86.8,2236,6,753015,571527,605244,669742,665019,674951,664068,621311,670276,656669,54.55,NA,NA,NA,NA,NA,NA,NA,30,2,"Cutter",2,2,2,2,2,2,2,2,"Standard","Standard",194,0,-0.084,NA,NA,"Philadelphia Phillies","Boston Red Sox"
"SL",2024-03-31,83.6,-1.02,5.61,"Hoffmann, Andrew",670237,694851,"","called_strike",NA,NA,NA,NA,14,"Jake Slaughter called out on strikes.","R","R","R","OMA","IOW","S",NA,"",0,0,2024,0.94,0.61,0.92,1.64,NA,NA,NA,2,5,"Top",NA,NA,NA,NA,682515,NA,NA,2.63816557266222,-121.872201602464,-4.04524148548048,8.98676012491688,21.4329655694458,-25.5227753159095,3.27,1.65,NA,NA,NA,85.1,2344,6.9,752640,694851,682515,668472,686475,680769,687478,670231,671221,694355,53.59,NA,NA,NA,NA,NA,NA,NA,34,1,"Slider",0,2,2,0,2,0,2,0,"Standard","Standard",71,0,-0.024,NA,NA,"Kansas City Royals","Chicago Cubs"
"FF",2024-03-31,92,3.43,5.49,"Lopez, Jacob",681393,682052,"field_out","hit_into_play",NA,NA,NA,NA,6,"Connor Norby lines out sharply to right fielder Kameron Misner.","R","R","L","NOR","DUR","X",9,"line_drive",0,0,2024,1.21,0.84,0.4,2.57,695257,668974,NA,2,5,"Bot",171.62,105.02,NA,NA,686482,NA,NA,-10.3669279664693,-133.631341435934,-3.39745915384555,16.7203953603961,29.137065129301,-21.508064336562,3.12,1.57,261,100.4,16,92.5,2075,6.7,752715,682052,686482,665180,592348,691406,678545,682927,663968,670224,53.78,0.526,0.539,0,1,0,0,4,48,1,"4-Seam Fastball",1,11,1,11,11,1,1,11,"","",119,-0.002,-0.577,NA,NA,"Baltimore Orioles","Tampa Bay Rays"
"FF",2024-03-31,93.3,3.4,5.74,"Lodolo, Nick",640460,666157,"","foul",NA,NA,NA,NA,3,"Dustin Peterson walks.   Carter Bins to 2nd.","R","R","L","LOU","IND","S",NA,"",3,2,2024,1.61,1.18,0.42,3.26,NA,NA,670190,1,5,"Top",NA,NA,NA,NA,642851,NA,NA,-11.1723070729498,-135.425176163164,-3.18390308276741,22.3053804528074,30.1206425839139,-17.1082344471726,3.26,1.65,150,76.5,75,92.9,2365,6.2,752938,666157,642851,685127,688005,541650,570481,674441,694362,677956,54.28,NA,NA,NA,NA,NA,NA,NA,31,7,"4-Seam Fastball",0,1,1,0,1,0,1,0,"Standard","Standard",119,0,0,NA,NA,"Cincinnati Reds","Pittsburgh Pirates"
"FF",2024-03-31,89.5,-2.88,5.51,"Abbott, Cory",678246,676265,"","called_strike",NA,NA,NA,NA,9,"Miguel Vargas flies out to left fielder Jonatan Clase.","R","R","R","TAC","OKC","S",NA,"",0,1,2024,-0.99,1.49,0.61,1.66,NA,NA,NA,1,3,"Top",NA,NA,NA,NA,657709,NA,NA,10.6812419422396,-129.836000709368,-6.64197709301896,-13.3721218915733,25.8798201035715,-14.0432503802839,3.3,1.67,NA,NA,NA,89.5,2299,6.3,751440,676265,657709,605119,669392,656308,669208,682729,687799,613564,54.17,NA,NA,NA,NA,NA,NA,NA,19,2,"4-Seam Fastball",0,3,3,0,3,0,3,0,"Standard","Standard",213,0,-0.046,NA,NA,"Seattle Mariners","Los Angeles Dodgers"
"FF",2024-03-31,91.3,-1.3,5.59,"Daniel, Davis",665998,669721,"","called_strike",NA,NA,NA,NA,9,"Ismael Munguia singles on a line drive to right fielder Jordyn Adams.","R","L","R","SAC","SL","S",NA,"",0,0,2024,-1.05,1.3,0.64,1.86,NA,NA,NA,1,6,"Bot",NA,NA,NA,NA,595453,NA,NA,7.17979301353695,-132.642612125529,-6.32915748560884,-13.9123885823057,27.3078503078593,-15.6466007311495,3,1.52,NA,NA,NA,91.8,2183,6.6,751669,669721,595453,800685,670869,641779,605346,641531,669326,677941,53.93,NA,NA,NA,NA,NA,NA,NA,41,1,"4-Seam Fastball",0,0,0,0,0,0,0,0,"Standard","Standard",204,0,-0.042,NA,NA,"San Francisco Giants","Los Angeles Angels"
